"question_id","question","answer","comment","source","packet","image_url","author"
"1","პაბლო პიკასო - 290, მარკ შაგალი - 220, სალვადორ დალი - 128, ალბრეჰტ დიურერი - 116. ამ სიაში ერთ-ერთი პირველი ადგილის დაკავება ნებისმიერი მხატვრისათვის დიდი პატივია, მაგრამ ამ სიაში ციფრებს ისინი სულაც არ ცვლიან. ვინ ცვლის ამ ციფრებს?","ამ ციფრებს ქურდები ცვლიან (ეს ციფრები აღნიშნავს ამა თუ იმ მხატვრის მოპარული ტილოების რაოდენობას).","","","","",""
"2","ერთი ინგლისური ხუმრობის მიხედვით ეს არის ადგილი, სადაც გაყრა ქორწინებას უსწრებს წინ. დაასახელეთ ეს.","ეს არის ლექსიკონი (ეს ფრაზა ორიგინალში ასე ჟღერს: “Dictionary: A place where divorce comes before marriage”).","","","","",""
"3","კოკო შანელი ამბობდა: ""20 წლამდე თქვენ გაქვთ სახე, რომელიც თქვენ მოგცათ ღმერთმა; 30 წლის შემდეგ - რომელსაც თქვენ თვითონ შექმნით"". ხოლო რომელი სახე გაქვთ, შანელის აზრით, 50 წლის შემდეგ?","ის, რომელიც დაიმსახურეთ.","","","","",""
"4","ერთი ხუმრობის თანახმად, ამ ცნობილი ტრაგედიის მთავარი მოქმედი პირები ებრაელები იყვნენ, კერძოდ: ბოცმანი, ლოცმანი, შტურმანი...   დაასახელეთ კიდევ ერთი გმირი,   რომელიც ასევე ებრაელი იყო.","აისბერგი (საუბარია ""ტიტანიკის""   ტრაგედიაზე).","","","","",""
"5","სერ ისააკ ნიუტონის კემბრიჯის მათემატიკური ინსტიტუტის შენობა აგებულია იმის გათვალისწინებით, რომ მათემატიკოსებს ჰქონდეთ კოლეგებთან მუდმივად იდეების გაცვლის საშუალება, ინსტიტუტის შენობაში მოძრაობის დროსაც კი. ამ მიზნით, ინსტიტუტის უკლებლივ ყველა ოთახში, მათ შორის ტუალეტებშიც და ლიფტშიც კი არის... რა?","დაფა და ცარცი.","","","","",""
"6","თბილისში, ერთ საკანცელარიო მაღაზიაში იყიდებოდა დიდი საშლელი (დაახლოებით 20x5 სმ) ორიგინალური წარწერით: ""BIG eraser for  BIG ..."" დაასრულეთ წარწერა.","""... mistakes"" (""დიდი საშლელი  დიდი შეცდომებისთვის"").","","","","",""
"7","""მან-სან-კან""-ის გუნდის ხუმრობა: ""მე ახალ ბინაში ყველაფერი შავ ფერში გავაკეთე..."". ამ ფრაზას თანაგუნდელი ერთი სიტყვით უკეთებს კომენტარს. ეს სიტყვა წარმოადგენს ჩვენში ბოლო დროს გავცელებული ტერმინის ერთგვარ ანტონიმს. ეს ტერმინი განსაკუთრებით ხშირად გვხვდება გარკვეული ტიპის განცხადებებში. მაშ, დაასახელეთ მისი ანტონიმი, რომელმაც გაიჟღერა აღნიშნულ სცენაში.","აფრორემონტი (""ევრორემონტის"" ანტონიმი).","","","","",""
"8","ადამიანმა, რომელმაც ცუდად იცის ინგლისური ენა, შეიძლება იფიქროს, რომ ყოფილი პოლიციელის ქმნილების სახელწოდებაში საუბარია პლანეტის მეტად უცნაურ ქცევაზე. სინამდვილეში კი საუბარია ჩვეულებრივ ბუნებრივ მოვლენაზე, რომელიც ხდება თოთქმის ყოველ საღამოს და რომლის დაფიქსირებაც შეიძლება ერთი ხელსაწყოს საშუალებით. დაასახელეთ ამ ყოფილი პოლიციელის ხსენებული ქმნილება.","ყოფილი ""პოლიციელი"" არის ინგლისელი მომღერალი სტინგი, რომელიც ჯგუფ ""The Police""-ის წევრი იყო (მის ერთ-ერთ ალბომს ეწოდება ""Mercury Falling"", რაც, რასაკვირველია ითარგმნება არა როგორც ""მერკური ეცემა"" არამედ როგორც ""ტემპერატურა ეცემა"").","","","","",""
"9","ჩაიწერეთ თანმიმდევრობა: უმცროსი, რეზუს-ფაქტორი, ცნობილი კომპიუტერული ფირმა, პერსონალური კომპიუტერი, ლაზერული დისკი. დაასახელეთ პოპულარული პროფესია, რომელსაც შეუძლია შეკრას ეს წრე.","უმცროსი - JR (junior), რეზუს-ფაქტორი - RH, კომპიუტერული ფირმა - HP (Hewlett Packard), პერსონალური კომპიუტერი - PC, ლაზერული დისკი - CD. ანუ, სიის ყოველი წევრის მეორე ასო შემდეგი წევრის პირველ ასოს ემთხვევა. წრეს კრავს აბრევიატურა DJ (დი-ჯეი, დისკ-ჟოკეი).","","","","",""
"10","მეორე მსოფლიო ომის დროს ერთმა ესპანურმა რადიოსადგურმა გამოაცხადა რუზველტისა და ჩერჩილის მაროკოში დაგეგმილი შეხვედრის შესახებ. გერმანელებმა არასწორად გაიგეს ეს შეტყობინება, რის შედეგადაც ნაცისტურმა ხელმძღვანელობამ მიიღო ინფორმაცია, რომ თითქოს ბრიტანეთის პრემიერი მიემგზავრება ...   რომელი არააფრიკული ქალაქის სახელი ფიგურირებდა ამ შეტყობინებაში?","რადიოსადგურმა გადმოსცა,   რომ შეხვედრა დაგეგმილია კასაბლანკაში.   გერმანელებმა გადათარგმნეს Casa blanca,   როგორც ""თეთრი სახლი"",  და შეატყობინეს ხელმძღვანელობას,   რომ რუზველტი და ჩერჩილი უნდა შეხვდნენ ერთმანეთს ვაშინგტონში.","","","","",""
"11","კრისტოფერ სტაშეფის ერთ-ერთ ფანტასტიკურ ნაწარმოებში ჩვენი თანამედროვე მოხვდება სხვა სამყაროში, სადაც იგი ჯადოქრად გადაიქცევა. იმისთვის, რათა მეგობრებს გასაჭირში ყოფნისას მისი გამოძახება შეძლებოდათ, მან დაამზადა სპეციალური თილისმა, რომლის აქტივირება “მაგიური სიტყვებით” - ციფრების კომბინაციით შეიძლებოდა. დაასახელეთ ეს მაგიური სიტყვები.","“ცხრა ერთი ერთი” (911 - სამაშველო სამსახურის ტელეფონის ნომერი აშშ-სა და ბევრ სხვა ქვეყანაში).","","","","",""
"12","საჰარაში ერთ-ერთ ბენზინგასამართ სადგურზე გამოკრულია პლაკატი წარწერით: “ჩაასხით ბენზინი მხოლოდ ჩვენთან, რადგან ყველა სხვა ახლომდებარე ბენზინგასამართი სადგური ...” დაასრულეთ ფრაზა.","“... რადგან ყველა სხვა ახლომდებარე ბენზინგასამართი სადგური - მირაჟია.”","","","","",""
"13","სოციოლოგიური გამოკითხვის თანახმად ბევრი ამერიკელი თვლის, რომ ამ ქიმიურ ელემენტს სახელი ეწოდა დისნეის პოპულარული პერსონაჟის საპატივსაცემოდ. რა ელემენტია ეს?","ეს ელემენტია პლუტონიუმი (დისნეის პერსონაჟი კი ძაღლი სახელად პლუტო).","","","","",""
"14","სტატისტიკამ 1977 წელს ნიუ-იორკში ადამიანის კბენის 24 712 შემთხვევა დააფიქსირა. აქედან პირველ ადგილზე ძაღლი დგას (22 076 შემთხვევა), მეორეზე - კატა (1 152 შემთხვევა). დაასახელეთ ამ სიის მესამე წევრი, თუ მისი მაჩვენებელია 892 შემთხვევა.","მესამე ადგილზე ადამიანი დგას.","","","","",""
"15","იტალიური ანდაზა: “არ გაეკიდო არც ქალს და არც ტრამვაის. აუცილებლად ...” დაასრულეთ ანდაზა ორი სიტყვით.","“... მოვა შემდეგი”.","","","","",""
"16","იტალიაში გამოუშვეს ყავის ფინჯანი სპეციალურად ზარმაცი და დაბნეული ადამიანებისათვის. ფინჯანი ელექტროფიცირებული იყო და როცა მასში სითხე საჭირო დონეს აღწევდა, გაისმოდა მელოდიური ზარი. ამ ჭურჭელმა ჰპოვა საკმაოდ უჩვეულო გასაღების ბაზარი. ვინ ყიდულობდა მას?","უსინათლოები.","","","","",""
"17","ერთ-ერთი სოციოლოგიური გამოკითხვის დროს რესპონდენტებს უსვამდნენ კითხვას, რომელშიც მე გამოვტოვე ერთი სიტყვა: ""რომელმა ... მიაყენეს განსაკუთრებული ზიანი რუს ერს და სსრკ-ს სხვა ერებს?"" ყველაზე პოპულარული პასუხები იყო: ბერია (5.8%), ლენინი (2.5%), ტროცკი, ჰიტლერი, კაგანოვიჩი, სვერდლოვი და ჩუბაისი. დაასახელეთ გამოტოვებული სიტყვა.","“...ებრაელებმა...”.","","","","",""
"18","ბავშვთა სათამაშოების მწარმოებელი ერთი ამერიკული კომპანიის მფლობელი საკუთარ ბავშვზე ცდიდა ხოლმე ახალ სათამაშოებს. გარკვეულწილად, მისი 2 წლის ვაჟიშვილის ""აზრი"" იყო გადამწყვეტი, დადგებოდა თუ არა ახალი სათამაშო კონვეერზე. ვინაიდან ბავშვი იყო ძლიერი, ამგვარად მოწმდებოდა სათამაშოს გამძლეობაც. ერთხელაც, ნორჩ ექსპერტს მოუტანეს სათამაშო მანქანის ახალი მოდელი, რომლის კორპუსი ახალი ტიპის პლასტმასისგან იყო დამზადებული. ეს მასალა არ გამოირჩეოდა განსაკუთრებული გამძლეობით, მაგრამ ეს მანქანა სხვა სათამაშოებზე უფრო დიდხანს დარჩა დაუმტვრეველი. თუ თქვენ გესმით ბავშვის ფსიქოლოგია, თქვენ არ გაგიჭირდებათ ამ მასალის მთავარი განმასხვავებელი ნიშნის დასახელება.","ის გამჭვირვალეა (ბავშვებს ძალიან აინტერესებთ, თუ რა არის სათამაშოს შიგნით, გამჭვირვალე სათამაშო კი ამ ინტერესს მათ გარკვეულწილად უკარგავს).","","","","",""
"19","კოლექციონერებისთვის ცნობილია არაერთი კურიოზული მარკა. ერთ-ერთი მათგანი, რომელიც გამოუშვეს აშშ-ში, ეძღვნება ვიკინგების მიერ ამერიკის აღმოჩენას. მარკაზე გამოსახულია ვიკინგების ნავი - დრაკარი. გამოსახულია ძალიან დეტალურად, მაქსიმალური სიზუსტით. მაგრამ, მხატვარმა დრაკარის გამოსახულებას დაამატა ერთი დეტალი-ანაქრონიზმი, რომელმაც ეს შესანიშნავი მარკა კურიოზად აქცია. მაქსიმალური სიზუსტით დაასახელეთ ეს დეტალი.","აშშ-ს დროშა.","","","","",""
"20","ჩაიწერეთ ლათინური ასოები: C, C, D, I, I, J, L, L, M, U, V, V, X, X, Y. ერთ ცნობილ წიგნზე ამ ასოების დახმარებით წერია თარიღი: რიცხვი, თვე და წელი. მიუხედავად იმისა, ნამყოფი ხართ თქვენ იქ, სადაც განლაგებულია ეს წიგნი, თუ არა, ყველა თქვენთაგანს ნანახი აქვს ის კინოში ან ნახატებზე. დაასახელეთ ზემოთ ნახსენები რიცხვი, თვე და წელი.","MDCCLXXVI JULY IV, ანუ 1776 წლის 4 ივლისი - ეს თარიღი წერია წიგნზე, რომელიც ხელში უჭირავს თავისუფლების ქანდაკებას.","","","","",""
"21","მეოცე საუკუნის ეს ქმნილება, რომლის სახელიც ვინი-პუჰს ძალიან მოეწონებოდა, უამრავი სახის არსებობს. ყველაზე ძვირფასი ეგზემპლიარი შექმნილია 18 კარატიანი ოქრითი და მორთულია ვარდისფერი და თეთრი ბრილიანტებით. ამის მქონე ადამიანს იასირ არაფატთან 200 მეტრზე ახლოს მიახლოება ეკრძალება. რაზეა საუბარი?","საუბარია ფიჭურ ტელეფონზე.","","","","",""
"22","აშშ-ში 1965 წლის 9 ნოემბერს მომხდარი ეს ფაქტი მიზეზი გახდა 1966 წლის აგვისტოში შობადობის რიცხვის გაზრდისა. რა მოხდა 1965 წლის 9 ნოემბერს?","რამოდენიმე საათით მწყობრიდან გამოვიდა მთელი ამერიკის ენერგოსისტემა, რის შედეგადაც ამერიკა მთელი ღამე სიბნელეში იჯდა...","","","","",""
"23","ურუგვაი. 1930 წელი. დამთავრდა პირველი მსოფლიო ჩემპიონატი ფეხბურთში და გუნდები ორგანიზებულად მიდიან პორტში, გადიან რეგისტრაციას, ავსებენ ყველა შესაძლო დოკუმენტს, სხდებიან გემებზე და მიემგზავრებიან თავიანთ ქვეეყნებში. ერთ-ერთი გემის გამგზავრება, რომლითაც ლათინური ამერიკის რამოდენიმე ჯგუფი ბრუნდებოდა სამშობლოში, პორტში ოთხი საათით შეფერხდა. ამაში “დამნაშავე” კი გახლდათ მექსიკის ნაკრები, უფრო სწორად კი მისი მეკარე ოსკარ ბონფილიო. რა დადებითი ნიშნით განსხვავდებოდა ოსკარი სხვა თავისი თანაგუნდელებისგან?","მან იცოდა წერა (და თავისი ყველა გუნდელის მაგივრად ავსებდა დოკუმენტებს).","","","","",""
"24","არაბულ ენაში ასოებს დაწერის ოთხი სხვადასხვა ვარიანტი გააჩნიათ. რაზეა დამოკიდებული, თუ როდის რა ვარიანტით უნდა დაწერონ ესა თუ ის ასო?","ეს დამოკიდებულია იმაზე, თუ სად დგას ეს ასო - სიტყვის დასაწყისში, შუაში, ბოლოში თუ მარტო, განცალკევებით.","","","","",""
"25","ამერიკაში არსებობს ტრადიცია, რომ სკოლადამთავრებულმა კლასმა ისეთი რამე უნდა მოაწყოს, რომ სკოლას დიდი ხანი არ დაავიწყდეს. ასე მოიქცა ერთ-ერთი გამოსაშვები კლასი და ბოლო დღეს სკოლის შენობაში სამი ღორი შეაგდეს სხვადასხვა ადგილზე, რის შედეგადაც სკოლაში ორი დღე არეულობა სუფევდა. პირველ ორ ღორზე დაწერილი იყი ციფრები 1 და 2. რა ეწერა მესამე ღორზე?","მესამე ღორზე ეწერა ციფრი 4 (არეულობა კი 2 დღე იმიტომ გაგრძელდა, რომ ადმინისტრაცია ეძებდა ნომერ მესამე ღორს, რომელიც არ არსებობდა).","","","","",""
"26","სულ პირველად არსებული წესების მიხედვით, კალათბურთელს, რომლის ხელშიც იყო ბურთი მხოლოდ ორი რამის გაკეთება შეეძლო. დაასახელეთ ორივე ქმედება.","მას ან სხვისთვის უნდა მიეცა პასი, ან ბურთი პირდაპირ კალათისაკენ გაეგზავნა (დრიბლინგი მხოლოდ 5 წლის შემდეგ იქნა შემოღებული).","","","","",""
"27","პირველად ოლიმპიური ფიცი დადებულ იქნა 1920 წელს არვენტინაში. მანდვე ჩატარდა პირველად ეს ცერემონია, რომელიც დღეს ყველა ოლიმპიელისთვის ნაცნობია. რა ცერემონიაზეა საუბარი?","ეს არის ოლიმპიური დროშის აღმართვის ცერემონია (და არა ოლიმპიური ცეცხლის ანთების. იგი პირველად 1928 წელს აანთეს).","","","","",""
"28","მონღოლეთი, რუსეთი, ჩრდილოეთ კორეა, ჰონკონგი, მაკაო, ლაოსი, ვიეტნამი, ბირმა, ინდოეთი, ბუტანი, ნეპალი, პაკისტანი, ყაზახეთი, ავღანეთი, ტაჯიკეთი, ყირგიზეთი. დაასახელეთ ქვეყანა, რომელიც ზემოთჩამოთვლილ ქვეყნებს აერთიანებს.","ჩინეთი (ჩამოთვლილი იყო ჩინეთის 16 სახმელეთო მეზობელი).","","","","",""
"29","ის იბრძოდა და ორჯელ იყო დაჭრილი. მან პუტჩშიც მიიღო მონაწილეობა და ციხეში 5 წელი გაატარა სამშობლოს ღალატის ბრალდებით. ციხეში მან წიგნის წერა დაიწყო, რომელსაც თავდაპირველად “ტყუილის, სისულელის და სიმხდალის წინააღმდეგ ბრძოლის ოთხნახევარი წელი” დაარქვა, ხოლო საბოლოოდ მსოფლიომ ეს წიგნი მანც სხვა სათაურით გაიცნო. დაასახელეთ ეს სათაური.","“ჩემი ბრძოლა” (“Main Kampf” - საუბარი იყო ადოლფ ჰიტლერზე).","","","","",""
"30","კარდინალ რიშელიეს ძალიან უყვარდა ვაშლის სუნი და იგი მაგიდის უჯრაში გამუდმებით ინახავდა ვაშლებს. ერთხელაც მან თავის აფთიაქარს შეუკვეთა დაემზადებინა ერთგვარი საცხი ამ ვაშლებისა და ცხიმებისაგან. დაასახელეთ სიტყვა, რომელიც ამ საცხთან ერთად დაიბადა და რომლითაც (სიტყვითაც) დღესაც სარგებლობენ.","ეს სიტყვაა “პომადა” (ფრანგ. “la pome” - ნიშნავს ვაშლს. აქედანვე მოდის პომიდვრის სახელწოდება. “პომიდორი” ფრანგულად ჟღერს, როგორც “წითელი ვაშლი”).","","","","",""
"31","არცთუ დიდი ხანია, რაც ამერიკულ სლენგში გამოჩნდა ერთი ახალი ფრაზა, რომელსაც ცხოვრებას ჩამორჩენილ ადამიანის მოსახსენიებლად იყენებენ ხოლმე. პირდაპირ ქართულ თარგმანში ეს ფრაზა შედგება სამი სიტყვისგან. პირველი სიტყვაა “ათი”, მესამე - “ადამიანი”. დაასახელეთ მეორე სიტყვა, თუ ის ნათესაობით ბრუნვაშია.","“სექტემბრის” (“ათი სექტემბრის ადამიანი”).","","","","",""
"32","1829 წელს ფრანგული გაზეთის “Review de Paris” მთავარმა რედაქტორმა ვერნონმა მოიგონა ხერხი, რომლის საშუალებითაც თავისი გაზეთის ხელმომწერთა რაოდენობა ერთი ორად გაზარდა. რა ხერხი მოიგონა მან, თუ ამ ხერხს მრავალი ჟურნალ-გაზეთი დღესაც წარმატებით იყენებს?","მან თავის გაზეთში დაიწყო სტატიების და სხვა მასალის ნაწილ-ნაწილ გამოქვეყნება, ხალხი კი, დაინტერესებული სტატიის გაგრძელებით იძულებული იყო ეყიდა შემდეგი ნომერი, შემდეგ მომდევნო ნომერი და ა.შ. (ანუ, ერთი სიტყვით “გაგრძელება შემდეგ ნომერში”, რომელსაც დღესაც ხშირად შევხვდებით).","","","","",""
"33","იაპონიაში არსებობს ასეთი დაუწერეილი კანონი: სტუდენტი გოგო ინსტიტუტში ორი დღე ზედიზედ ერთი და იგივე ტანსაცმლით არ უნდა გამოცხადდეს. რატომ?","ამ კანონის შესრულება ამტკიცებს იმას, რომ გოგომ ის ღამე სახლში გაატარა.","","","","",""
"34","დაასრულეთ ჰემინგუეის სიტყვები: “ყველა ამბავი, თუ მას ბოლომდე მოვყვებით, მთავრდება...” რით?","“...სიკვდილით”.","","","","",""
"35","არსებობს ძველი ლეგენდა შავი ჭირისა და მოგზაურის შესახებ:გზაზე ერთმანეთს შავი ჭირი და მოგზაური შეხვდნენ.- საით მიდიხარ? - ჰკითხა მოგზაურმა ჭირს.- ბაღდადში, 5 000 ადამიანი უნდა გამოვასალმო სიციცხლეს, - უპასუხა მან.რამოდენიმე დღის შემდეგ ისინი კვლავ შეხვდნენ ერთმანეთს.მოგზაურმა ჭირს უსაყვედურა:- შენ მითხარი 5 000 კაცი უნდა მოვკლაო, ბაღდადში კი 50 000 ადამიანი დაღუპულა!- მე შენ არ მომიტყუებიხარ, - უპასუხა ჭირმა. - მე მართლაც 5 000 კაცი მოვკალი.რამ გამოიწვია დანარჩენების სიკვდილი ლეგენდის თანახმად?","დანარჩენების სიკვდილი შიშმა გამოიწვია.","","","","",""
"36","ეს სიტყვები ჩვ. წ. აღ-მდე 44 წელს გაჩდნენ და მეგობრისადმი გზავნილს წარმოადგენდნენ. დღეს კი მათი ნახვა იმათ შეუძლია, ვინც საკუთარ ჯანმრთელობას საკუთარი ნებით აგდებს საფრთხეში. დაასახელეთ ეს სიტყვები.","ეს სიტყვებია “მიველ, ვნახე, გავიმარჯვე” (ეს სიტყვები “Marlboro”-ს კოლოფს აწერია).","","","","",""
"37","ესპანეთის ყველაზე მაღალი მთის - ვულკან ტეიდეს  - სიმაღლე ყოველწლიურად სულ უფრო და უფრო მცირდება. ესპანელი გეოდეზისტების მტკიცებით ატლასებში მითითებული მისი სიმაღლე - 3 718 მეტრი - ბოლო წლების განმავლობაში სამი მეტრით შემცირდა. რა არის ამის მიზეზი?","ამის მიზეზი ტურისტების სიმრავლეა - მათ ამ მთიდან სამახსოვროდ ქვები მიაქვთ.","","","","",""
"38","მეცნიერებმა დაადგინეს, რომ მსოფლიო რეკორდი მაჩვენებლით 50 სმ ეკუთვნის ერთ-ერთ კალიფორნიულ წყალმცენარეს. მისი მაჩვენებელი ბამბუკისასაც კი უსწრებს! რას გვიჩვენებს ეს რიცხვი?","ეს რიცხვი გვიჩვენებს დღე-ღამეში ზრდის სიგრძეს (ანუ ეს კალიფორნიული წყალმცენარე ყველაზე სწრაფად იზრდება - დღე-ღამეში 50 სმ-ით).","","","","",""
"39","აბულ-ფარიჯი წერს, რომ სიტყვა, სანამ ის ითქმება, ტუსაღია მისი, ვინც მას იტყვის. რა ხდება მას შემდეგ, რაც სიტყვა ითქმება?","ადამიანი თვითონ ხდება მის მიერ ნათქვამი სიტყვის ტყვე.","","","","",""
"40","ძველ საბერძნეთში ჰიმნები სამი ნაწილისაგან შედგებოდა. პირველი - მიმართვა ღვთაებასთან, მესამე - დახმარების თხოვნა. რისგან შედგებოდა მეორე ნაწილი?","მეორე ნაწილში მოთხრობილი იყო მითი ამ ღვთაების შესახებ.","","","","",""
"41","ამ რომაულ ოჯახში პირველ შვილს ერქვა მარკუსი, მეორეს - ტიბერიუსი, მესამეს - ალექსანდრე, მეოთხეს - ლუციუსი... რა ერქვა მეხუთე შვილს?","მეხუთე შვილს ერქვა კვინტი (ძველ რომში საკუთარ სახელებს მხოლოდ პირველ ოთხ შვილს არქმევდნენ, ხოლო დანარჩენების სახელები რიცხვებით განისაზღვრებოდა - კვინტი, სიქსტი და ა.შ.)","","","","",""
"42","ჟურნალ “GEO”-ს 1998 წლის 3 ნომრის მიხედვით ჩიკაგოში მომხდარი ეს მოვლენა XIX საუკუნის 70-იან წლებში ამავე მცხოვრები ძროხის სახელად მისის ო’ლირის ბრალია. მაინც, რა საყოველთაოდ ცნობილ ფაქტზეა საუბარი?","ეს არის 1871 წლის ხანძარი ჩიკაგოში. ჟურნალ “GEO”-ს მიხედვით, ეს ხანძარი გამოიწვია ძროხამ, რომელმაც სანტელი წააქცია.","","","","",""
"43","ინგლისელმა ლეიბორისტმა ფილიპ ნოუდელმა თქვა, რომ ასეთი ხალხი არც საბჭოთა კავშირში არ არსებობდა და არც დარტმუდის ციხეში და თანაც ერთი და იგივე მიზეზის გამო. საბჭოთა კავშირში ასეთი ხალხი ოფიციალურად მართლაც არ არსებობდა, სამაგიეროდ დღეს პოსტსაბჭოთა ქვეყნები ერთერთი ლიდერები არიან მთელს მსოფლიოში ამ ხალხის რაოდენობის მიხედვით. რა ტიპის ხალხზეა საუბარი?","საუბარია უმუშევრებზე.","","","","",""
"44","ცოტა ხნის წინ იტალიაში მოდაში იყო დიეტა, რომლის მიხედვითაც საკვები მკაცრად განსაზღვრული მიმდევრობით უნდა გეჭამათ. მაგალითად, ჭამა უნდა დაგეწყოთ მაყვლით, პომიდვრით ან წითელი ხიზილალით, ცოტა შესვენების შემდეგ მოდიოდა ბანანი, შემწვარი კარტოფილი ფრი ან მოხარშული კვერცხის გული და ბოლოს კი უნდა დაგეყოლებინათ მჭვანილი, კიტრი ან კივის ნაყოფი. თუ თქვენ ამ დიეტის საჭმელების მიმდევრობის პრინციპს მიხვდით მისი (დიეტის) სახელწოდების გამოცნობაც არ გაგიჭირდებათ.","შუქნიშანი (საკვები დალაგებულია ფერების მიხედვით - წითელი, ყვითელი და მწვანე).","","","","",""
"45","როგორც ამბობენ, ჩინელი იმპერატორები ძალზედ იშვიათად ავადმყოფობდნენ. ამას ზოგიერთი იმპერატორის კარზე მომსახურე ექიმების შრომის ანაზღაურების სისტემით ხსნის. რაში მდგომარეობდა ანაზღაურების განსაკუთრებული პრინციპი?","იმპერატორის ავადმყოფობის პერიოდში მედიკოსებს ხელფასს არ უხდიდნენ და ისინიც ყველა ღონეს ხმარობდნენ იმპერატორის მაქსიმალურად სწრაფად გამოჯანმრთელებისთვის.","","","","",""
"46","2002 წელს რუსეთში გამოვიდა წიგნი სახელწოდებით “პორი ჰატერი და ქვა ფილოსოფი”. ამ წიგნში არა მარტო ჯოან როულინგის პაროდიაა. მასში მრავლად შეხვდებით შაყირს დღევანდელი რეალობის შესახებ. ერთი ეპიზოდი: ერთი კვირით დასასვენებლად მყოფი პორი სკოლაში ბრუნდება და მასთან ერთდროულად ხუთი ბუ მიფრინდება. ერთი მისი საკუთარი ბუა, მეორემ დედ-მამისგან წერილი მიუტანა, ხოლო დანარჩენ სამს პორიმ იგნორირება გაუკეთა იმის მიუხედავად, რომ მათ რაღაც მოჰქონდათ. რა მოჰქონდათ მათ?","სპამი.","","","","",""
"47","ვადიმ ნიკიტინი, მოსკოვის რამოდენიმე რესტორნის მფლობელი, თვლის, რომ ბორშჩის კარგან მომზადება უფრო რთულია, ვიდრე ბაყაყის ფეხების. ამ სიტყვებით იგი თითქმის იმეორებს კონფუცის ერთ გამონათქვამს. რატომ არის მისი აზრით კარგი ბორშჩის მომზადება ასეთი რთული?","იმიტომ, რომ ყველამ კარგად იცის, თუ როგორი გემო უნდა ჰქონდეს ბორშჩს, მაგრამ ბაყაყის ფეხები ცოტას თუ აქვს გასინჯული (კონფუცის აქვს ასეთი სიტყვები: მამლის დახატვა უფრო რთულია, ვიდრე ეშმაკისო).","","","","",""
"48","რომელი ცნობილი ამერიკული ფირმა დააარსეს XX საუკუნის დასაწყისში ორმა რუსმა პიროვნებამ - დავიდოვმა და ხარლამოვმა?","ჰარლეი-დევიდსონი.","","","","",""
"49","ცნობილია, რომ ძველი რომის ბაზრებზე ეს ხალხი არ არსებობდა. ლათინურად მათ უწოდებდნენ zonarius sector. ჩვენ კი მათ ორი სიტყვისგან შემდგარ იმ კომბინაციით მოვიხსენიებთ, რომლის წარმომავლობაც აშკარად იმას უკავშირდება, რაც რომაელებს არ ჰქონდათ. რას ვუწოდებთ ჩვენ ამ ხალხს?","ჯიბის ქურდებს (ძველი რომაელებს ტანსაცმელზე ჯიბეები არ ჰქონდათ. ისინი ფულს სარტყელში ან მასზე დამაგრებულ ქისაში ინახავდნენ. ჯიბის ქურდების ლათინური სახელწოდებაც სწორედ აქედან მოდის და ის სიტყვასიტყვით ითარგმნება როგორც “სარტყელის მჭრელი” (zona - სარტყელი)).","","","","",""
"50","აშშ-ში და ამ ბოლო დროს უკვა ჩვენთანაც სასწრაფო დახმარების მანქანებს გვერდებზე და უკან აწერიათ სიტყვა Ambulance. რა აწერიათ ამ მანქანებს წინიდან?","ecnalubmA (რათა მძღოლებმა სარკეში ამოიცნონ სასწრაფო დახმარების მანქანა).","","","","",""
"51","ლონოლეუმის მწარმოებელი ერთი რუსული ფირმის სარეკლამო სლოგანი მთავრდება ასე: ""это не только женщины"". როგორ იწყება ეს სლოგანი (რუსულად)?","“Прекрасный пол ...”","","","","",""
"52","ამსტერდამელი უფოლოგი პროფესორი იან დერ მეერი თვლის, რომ თუ დედამიწაზე არამიწიერი ცვილიზაცია ჩამოფრინდება, ის დაინტერესდება უპირატესად სამი რამით: წყლით, ალკოჰოლით და ... რით?","ქალებით.","","","","",""
"53","1910 წელს კალაშნიკოვის ლუდისსახარშმა ქარხანამ რეკლამის წყალობით თავისი პროდუქციის წარმოება ორჯერ გაზარდა. მაინც რაზე იყო გამოსახული ეს რეკლამა, თუ მისი ტირაჟი 500 000 ერთეულს აღწევდა?","ეს რეკლამა ასანთის კოლოფზე იყო დაბეჭდილი.","","","","",""
"54","ქალაქ როსტოვში ერთ-ერთი მიწისქვეშა გადასასვლელის კედელზე არის პეტრე პირველისადმი მიძღვნილი უზარმაზარი პანო. ამ ნახატზე გამოსახულია დიდი მეფე, რომელსაც ფერხთით დაყრილი აქვს თევზი, კარტოფილი, ხახვი, პომიდორი, უზარმაზარი გოგრები და სხვა საკვები. რა არის ამ ნახატში ისეთი, რაც მისი ავტორის ისტორიულ უვიცობაზე მეტყველებს?","პეტრე I-ის დროს რუსეთი კარტოფილს და პომიდორს არ იცნობდა.","","","","",""
"55","დეილ კარნეგი ამერიკელებს სთავაზობს, რომ მძიმე წუთებში ჯიბიდან ამოიღონ აბრაამ ლინკოლნის პორტრეტი და კარგად დააკვირდნენ მას. კარნეგის აზრით ლინკოლნის სახეს დამაწყნარებელი ეფექტის მოხდენა შეუძლია. სად და როგორ შეუძლიათ ამერიკელებს იშოვნონ ლინკოლნის პორტრეტი?","ლინკოლნის პორტრეტი ხუთდოლარიანზეა გამოსახული.","","","","",""
"56","ლუდვიგ ბერნი ამბობდა, რომ სახელმწიფო ხომალდია, ხალხი ქარია და დრო ზღვაა... რა არის ამ ხომალდის აფრები?","აფრებია მთავრობა.","","","","",""
"57","ნიუ-იორკში ეს წიგნი შესდგება 2889 გვერდისაგან, ხოლო კუნძულ ანგლიაზე კი მასში მხოლოდ 26 ჩანაწერია. რა წიგნზეა საუბარი?","ეს წიგნია სატელეფონო ცნობარი.","","","","",""
"58","ლეგენდის თანახმად პირველი ევროპელი რომელმაც ნახა ისინი იყო მაგელანი. დიდმა მოგზაურმა მათ უცნაური ბატები უწოდა. რას ვუწოდებთ მათ ჩვენ?","მათ ჩვენ პინგვინებს ვუწოდებთ.","","","","",""
"59","აფრიკელებმა პირველად რომ ნახეს ტანკი, მას უწოდეს “ფარუ”, რაც ერთ-ერთი ტომის ენაზე ნიშნავს ცხოველს, რომელსაც ასე თუ ისე ჩვენც ვიცნობთ. რომელი ცხოველია ეს?","ეს ცხოველია მარტორქა.","","","","",""
"60","მარკ ტვენის სიტყვები: “... მის გამო ერთმანეთს ცემენ, ლანძღავენ და ომობენ.” რომელი ცნობილი ანდაზით იწყება ეს გამონათქვამი?","“გემოვნებაზე არ დაობენ, მის გამო ერთმანეთს ცემენ, ლანძღავენ და ომობენ.”","","","","",""
"61","ბისმარკის “ამის” წონა იყო 1,965კგ, ბეთჰოვენის - 1,750კგ, კანტის - 1,600კგ. ყველაზე დიდი “ამის” მფლობელი კი აშშ-ში მცხოვრები მარკ უილსონია. 1998 წლისათვის მისი წონა 2,300კგ-ს შეადგენდა. რაზეა საუბარი?","საუბარია ადამიანის თავის ტვინზე.","","","","",""
"62","ამ კომპანიამ შექმნა უდიდესი საინფორმაციო იმპერია. მას ეკუთვნის “Fortune”, “Life”, “People” და სხვა პოპულარული ჟურნალები. მისი პირველი
ჟურნალი გამოვიდა 1923 წელს. 1998 წლის მონაცემებით მარტო აშშ-ში 6 თვის განმავლობაში იგი 4 მილიონიანი ტირაჟით იბეჭდებოდა. დაასახელეთ ეს ჟურნალი.","ეს ჟურნალია “Time”.","","","","",""
"63","ავტომობილის ეს დეტალი გამოიგონა შვედმა ინჟინერმა ნილს ბოხლინმა და დააპატენტა კომპანია “ვოლვომ” 1959 წელს. მისი დამზადების ტექნოლოგია ამავე კომპანიამ 1968 წელს შეიმუშავა. აშშ-ს ჩქაროსნული გზების მმართველობის ადმინისტრაციამ გამოთვალა, რომ მარტო ბოლო ათწლეულის განმავლობაში ამ დეტალმა სიკვდილს გადაარჩინა 55 600 ადამიანი. რა დეტალზეა საუბარი?","ეს დეტალია უსაფრთხოების ქამარი.","","","","",""
"64","რამდენიმე წლის წინ აღინიშნა ამ ინტელექტუალური გასართობოს გამოგონების 15 წლისთავი. ამასთან დაკავშირებით საიუველირო ფირმა “Diamond Catters Internation”-მა ამ გასართობის უნიკალური მოდელი დაამზადა, რომელიც მას 1,5 მლნ. დოლარი დაუჯდა. დაასახელეთ ამ გასართობის გამომგონებელი უნგრელი პროფესორის გვარი.","ერნო რუბიკი (გამოიგონა ე.წ. “რუბიკის კუბი”).","","","","",""
"65","ცოტა ხნის წინ გამოუშვეს ერთი ტკივილგამაყუჩებელი წამლის სარეკლამო პლაკატი, რომელიც 3 ფოტოსაგან შესდგებოდა. პირველზე ტკივილისაგან სახედამანჭული ქალი იყო გამოსახული, მეორეზე - იგივე ქალი წამლის სმის პროცესში, მესამეზე კი, ისევ იგივე ქალი გაბადრული და ბედნიერი სახით. ასეთმა სარეკლამო კამპანიამ საუდის არაბეთში სრული ფიასკო განიცადა. დაასახელეთ ამის მიზეზი.","რადგანაც საუდის არაბეთში ტექსტს მარჯვნიდან მარცხნივ კითხულობენ, ნახატებიც და რეკლამის არსიც პირიქით აღიქვეს.","","","","",""
"66","ყველაზე გრძელი ეს, რომელიც შესულია გინესის 2002 წლის რეკორდების წიგნში შეიმუშავა ჯეი ორბერგმა (კალიფორნია, აშშ). მისი სიგრძეა 30,5 მეტრი. სხვა აუცილებელი მოწყობილობების გარდა მას აგრეთვე გააჩნია საცურაო აუზი, უზარმაზარი საწოლი, 6 ტელეფონი და ვერტმფრენის დასაჯდომი მოედანიც კი. დაასახელეთ ეს.","ეს არის ლიმუზინი.","","","","",""
"67","ეს მოვლენა ყველაზე დიდხანს გაგრძელდა 1955 წელს - 7 წთ და 8 წმ. მეცნიერების პროგნოზის მიხედვით ეს 7 წთ და 29 წმ გაგრძელდება 2186 წელს. ჯორჯ ელიოტმა ამ მოვლენას შემდეგი ეპითეტი მოუძებნა: ორი მეგობარი, რომელთა შორის ჩამდგარია მტერი. დაასახელეთ, თუ რას ვუწოდებთ ჩვენ ამ მტერს.","ჩვენ ამ მტერს მთვარეს ვუწოდებთ (საუბარი იყო მზის დაბნელებაზე).","","","","",""
"68","დისნეის სტუდიის ეს მულტიპლიკაციური ფილმი გადაიღეს 1994 წელს. ეკრანებზე გამოსვლიდან 3 დღეში მან 766 მლნ. დოლარი შემოსავალი მოაგროვა. მას ახმოვანებდნენ ვუპი გოლდბერგი, ჯერემი აირონსი, როუენ ატკინსონი და სხვა ვარსკვლავები. ამ ფილმის საუნდტრეკმა კი 1995 წელს ოსკარი აიღო ნომინაციაში “საუკეთესო მუსიკა ფილმისათვის”. დაასახელეთ ამ სიმღერის ავტორი და შემსრულებელი.","ელტონ ჯონი (სიმღერა “Can You Feel The Love Tonight” ფილმისთვის “მეფე ლომი” - “The Lion King”).","","","","",""
"69","2500 წლის წინანდელი ბერძნული წარწერა: “მე ვარ რინო კუნძულ კოსიდან და ღმერთების ნებით სიზმრებს ვხსნი...” შესაძლოა ეს იყო ისტორიაში პირველი... რა?","რეკლამა.","","","","",""
"70","1925 წელს გი დე მოპასანმა გამოუშვა წიგნი სახელწოდებით “ფუნთუშა”. ეს წიგნი გამომცემელთათვის ძალზედ საზარალო აღმოჩნდა, რადგან ის უმცირესი ტირაჟით გაიყიდა. ბიზნესმენებმა ამ წიგნს შეუცვალეს ერთი დეტალი, რის შემდეგაც იგი ბესტსელერი გახდა. რა დეტალი იყო ეს?","ეს დეტალი იყო სათაური (“ფუნთუშას” მაგივრად წიგნს დაარქვეს “როგორ ასრულდა ერთი ფრანგი მეძავის წყევლა” და ისიც უზარმაზარი რაოდენობით გაიყიდა).","","","","",""
"71","1993 წელს დირაკს მიანიჭეს ნობელის პრემია, მაგრამ იგი მის მიღებაზე უარის თქმას აპირებდა, რადგან რეკლამა თვალის დასანახავად ეჯავრებოდა, თუმცა რეზერფორდმა ძალზე მარტივად და ოსტატურად გადაათქმევინა გადაწყვეტილება. რა უთხრა მან დირაკს?","მან დირაკს უთხრა, რომ ნობელის პრემიაზე უარის თქმა უფრო დიდი რეკლამა იქნება, ვიდრე მისი აღებაო.","","","","",""
"72","ერთ დროს იყო სურვილი, რომ მათ შემდეგი სახელები დარქმეოდათ: ლენინის, მარქსის, რევოლუციის, სვერდლოვის, საბჭოთა კონსტიტუციის, ჭირნახულის აღების, დიდი რევოლუციის, მშვიდობის, ენგელსის, სტალინის და კომუნიზმის. სახელი არ უნდა შეცვლოდა მხოლოდ მეხუთეს. დაასახელეთ მეხუთის ის სახელწოდება, რომლოთაც მას ჩვენ მოვიხსენიებთ.","მაისი (საუბარი იყო წელიწადის დროებზე).","","","","",""
"73","იტალიის ქალაქ ლივორნოს მცხოვრებნი, რომელნიც ტურისტების ნაკლებობას განიცდიან, ოცნებობენ იმ დღეზე, როცა მათს მეზობელ ქალაქში დატრიალდება ის უბედურება, რომელსაც საუკუნეებია ელიან. მაინც რა ტრაგედია იგულისხმება?","იგულისხმება პიზას კოშკის წაქცევა.","","","","",""
"74","მათი რაოდენობა თუ ორია, ისინი ვერტიკალურად არიან განლაგებულნი. სამის ერთად ყოფნა კი აუცილებლად ჰორიზონტალურ განლაგებას გულისხმობს. რა ფუნქცია აკისრია მას როცა ის ერთია?","ამთავრებს თხრობით წინადადებას (საუბარია სასვენ ნიშნებზე “.” “:” “...”).","","","","",""
"75","ითვლება, რომ მსოფლიოში ყველაზე გავრცელებული ინფექციური დაავადებაა სურდო. რომელია მსოფლიოში ყველაზე მეტად გავრცელებილი არაგადამდები ინფექციური დაავადება?","კარიესი.","","","","",""
"76","მთელი ფილმის მსვლელობისას მისი მთავარი სუპერგმირი წარმოთქვამს არაუმეტეს 40 სიტყვისა, რომელტაგან ერთი მესამედი ცეცხლსასროლი იარაღების ჩამონათვალია, ხოლო მეორე მესამედი - ერთი და იგივე სახელის გამეორება. რომელი მსახიობი ასრულებს ამ გმირის როლს?","არნოლდ შვარცნეგერი (”საუბარია ტემინატორზე”).","","","","",""
"77","2 წლის წინ ჟურნალ “Forbes”-ის გამოკვლევების თანახმად მამაკაცები თავისი ცხოვრების მანძილზე დაახლოებით 5 კგ ასეთ პროდუქტს მიირთმევენ. მართალია თავად პროდუქტს ნაკლებად შეიძლება მიენიჭოს საკვების სტატუსი, მაგრამ იგი ერთ-ერთი მონაწილეა იმ პროცესისა, რომელიც ზოგიერთი მეცნიერის აზრით სასარგებლოა ჯანმრთელობისათვის. რა “პროდუქტზეა” საუბარი?","ტუჩის პომადა.","","","","",""
"78","XX საუკუნის 70-იანი წლების ბოლოს აშშ-ს ერთ-ერთ საბაჟოზე მოხდა ასეთი შემთხვევა: მებაჟეებმა ქვეყანაში არ შეუშვეს იაპონიიდან მომავალი ტვირთი, რომელიც მომცრო ყუთს წარმოადგენდა. ამერიკელმა მებაჟეებმა ეს ნივთი სექსუალურად გასარყვნ საშუალებად ჩათვალეს, რადგან ყუთზე ეწერა “გასართობი (სასიამოვნო) ჯოხი”. რა იდო ამ ყუთში სინამდვილეში?","ამ ყუთში იდო კომპიუტერის ჯოისტიკი.","","","","",""
"79","გადათარგმნეთ ძველებრაულად “წითელი თიხა”.","ადამი.","","","","",""
"80","ერთი ბრიტანული სამეცნიერო ჟურნალის გამოკვლევებმა აჩვენა, რომ აშშ-ს მეცნიერებათა აკადემიის წევრებიდან ასეთი ადამიანები მხოლოდ 65 პროცენტია. განსაკუთრებით დიდი რაოდენობით ისინი ბიოლოგებს (79%) და ფიზიკოსებს (76%) შორის არიან. რა ტიპის ხალხზეა საუბარი?","საუბარია ათეისტებზე.","","","","",""
"81","III ადგილი - მოსკოვი - 256 კმ;II ადგილი - ლონდონი - 430 კმ;I ადგილი - ვაშინგტონი - 612 კმ.რაზეა საუბარი?","საუბარია მეტროპოლიტენის საერთო სიგრძეზე (და არა მეტროპოლიტენის ფართობზე. ფართობის მიხედვით ყველაფერი პირიქითაა: ვაშინგტონი - III ადგილი, ლონდონი - II და მოსკოვი - I).","","","","",""
"82","ინგლისელ მეფეებს იაკობ I-ს, ვილჰელმ III-ს, ჯორჯ I-ს და მწერალ ჯოზეფ კონარდს ჰქონდათ ერთი ნაკლი, რომელიც ძალიან მცირე რაოდენობის ინგლისელებს თუ ახასიათებთ. რა ნაკლია ეს?","ეს ნაკლია ინგლისური ენის არცოდნა - მათ არ იცოდნენ ინგლისური ენა.","","","","",""
"83","ავტომობილიზმის გარიჟრაჟზე ახალბედა მძღოლებისთვის მთავარ საფრთხეს ცხენები წარმოადგენდნენ. ცხენებს ავტომობილის ძალიან ეშინოდათ და მათ დანახვაზე ისინი ორ ფეხზე დგებოდნენ და წინა ფეხებით მანქანას აზიანებდნენ. რისი ეშინიათ თანამედროვე ცხენებს დღეს ქუჩაში სიარულისას პარიზის საგზაო სამმართველოს მონაცემებით?","ცხენებს დღეს ქუჩებში სხვა ცხენის ეშინიათ.","","","","",""
"84","1997 წელს იტალიაში მიღებულ იქნა კანონი, რომლის მიხედვითაც ფეხბურთელები და მსახიობები თავისუფლდებოდნენ... რისგან?","სავალდებულო სამხედრო სამსახურისგან.","","","","",""
"85","სოლტ-ლეიკ-სიტის ოლიმპიადაზე ზამთრის ოლიმპიადების ისტორიაში ეს მეორედ დაემართათ ძმებ ჰოკეისტებს მარტინ და რობერტ რაიჰელებს. პირველად კი ასეთი ფაქტი 1960 წელს სკვო-ველის ოლიმპიადაზე ჰოკეისტ ძმებს - ფრანტიშეკ და ზადენეკ პიკალოებს შეემთხვათ. რაზეა საუბარი?","ძმები თამაშობდნენ ერთმანეთის წინააღმდეგ (მარტინი გერმანიის ნაკრების შემადგენლობაში, რობერტი - ჩეხეთის, ფრანტიშეკი - ჩეხოსლოვაკიის და ზადენეკი - ავსტრიის).","","","","",""
"86","როგორც თვლიან, ეს დეტალი მიხაელ შუმახერს 10 ცხენის ძალას მატებს. იგი სპეციალურად შეიმუშავეს ახალი “ფერარი F2002”-სთვის. მან 3000 საათი გამოცდა გაიარა აეროდინამიკურ მილში და იგი რამოდენიმე ათასი ღირს. რა დეტალია ეს?","ეს დეტალია ჩაფხუტი.","","","","",""
"87","შავი იუმორი: ორი ზვიგენი მიცურავს სანაპიროს გასწვრივ და ამ დროს დაინახეს ვინდსერფინგისტი. ერთი ეუბნება მეორეს: აი, ეს მემსმის სერვისი - [ამაზე] და თანაც [ამით]! აღადგინეთ გამოტოვებული სიტყვები.","აი, ეს მესმის სერვისი - ლანგარზე და თანაც ხელსახოცით!","","","","",""
"88","ისტამბულში საფრაგეთის საელჩოს მდივანმა ანტუან გალანმა ერთხელ ბაზარში შემთხვევით შეიძინა ძველი არაბული ხელნაწერი. მან იგი გადათარგმნა, წიგნად გამოსცა და მით თავისი სახელი უკვდავყო... რა ერქვა ამ ხელნაწერს?","“1001 ღამე”.","","","","",""
"89","XIX საუკუნის 40-იან წლებში გერმანიაში ნაპოვნი იქნა ადამიანის ძვლები. ამ ამბავმა დიდი მეცნიერული დავა გამოიწვია. ზოგი გერმანელი მეცნიერი ამბობდა, რომ ეს კაზაკის ძვლები იყო, რომელიც ნაპოლეონის ომების დროს დაიღუპა, ზოგი ამტკიცებდა, რომ ეს ავადმყოფი მოხუცის ძვლები იყო, რომელსაც თავში ჰქონდა ჩარტყმული მძიმე საგანი. ჩვენ არ გეკითხებით, თუ ვინ იყო მართალი, თქვენ უნდა მიხვდეთ, თუ რა ერქვა იმ ხეობას, რომელშიც იპოვეს ეს ძვლები.","ამ ხეობას ერქვა ნეანდერტალი, რომელმაც მისცა სახელწოდება Homo Sapiens-ის მთელ ქვეჯგუფს.","","","","",""
"90","მდედრ მელიას საქორწინო პერიოდში უკან დაჰყავს ორი-სამი საქმრო, რომლებიც მის წინაშე ერთგვარ “ცეკვას” ასრულებენ და ამით ძალის და მოქნილობის დემონსტრირებას ახდენენ. რას უწოდებენ ხანდახან ამ მოძრაობებს?","ფოქსტროტს (“მელიის ნაბიჯი”. ეს სახელი ამ მოძრაობების მიხედვით ეწოდა არა ცეკვას, არამედ პირიქით. ფოქსტროტს კი სახელი მისი გამომგონებლის - ჰარი ფოქსის გვარის მიხედვით ეწოდა, რომელმაც ეს ცეკვა პირველად ნიუ-იორკში 1913 წელს შეასრულა ერთ-ერთ შოუზე).","","","","",""
"91","ევროპარლამენტი - ეს არის ევროსაბჭოს უმაღლესი ორგანო, რომლის მუშაობას საბჭოს ყველა წევრი ქვეყანა აფინანსებს. რაში ხარჯავს ევროპარლამენტი ყველაზე მეტ ფულს - საერთო დანახარჯების თითქმის 50 პროცენტს?","თარჯიმნების ხელფასში.","","","","",""
"92","ის იყო ქაიროს უნივერსიტეტის პროფესორი, შემდეგ ეგვიპტის საგარეო საქმეთა მინისტრის მოადგილე (მონაწილეობა მიიღო კემპ-დევიდის შეთანხმების ხელმოწერაში), შემდეგ - პარლამენტის დეპუტატი... დაასახელეთ მისი ყველაზე ცნობილი თანამდებობა.","გაერო-ს გენერალური მდივანი (ბუტროს ბუტროს გალი).","","","","",""
"93","ერთ-ერთ კონკურსანტს სურდა მსოფლიოში ყველაზე დიდი შადრევნის აგება, მეორეს - მსოფლოში ყველაზე დიდი გილიოტინის... რა სახელით ვიცნობთ ჩვენ ამ კონკურსის გამარჯვებულ პროექტს?","ეიფელის კოშკი.","","","","",""
"94","1800 წელს იაპონიის ნაპირებთან ახლოს ჩაიძირა გემი, რომელიც ფასდაუდებელი საიმპერატორო ფაიფურით იყო დატვირთული. ასი წლის შემდეგ ძვირფასი ვაზების უმეტესობა ადგილობრივმა მეთევზეებმა ამოიტანეს. ისინი სახელმწიფომ საკმაოდ დიდი ფულით დააჯილდოვა, მაგრამ მათ ამ ფულიდან თავიანთ დამხმარეებს არაფერი მისცეს. “ვინ” ეხმარებოდა მათ ვაზების ამოღებაში?","რვაფეხები (თოკზე გამომბულ რვაფეხას წყალქვეშ უშვებდნენ და ისინიც თავშესაფრის ძიებაში ვაზებში შედიოდნენ. მეთევზეები თოკს ამოსწევდნენ და რვაფეხაც და ვაზაც ერთად ამოჰქონდათ).","","","","",""
"95","ზოგიერთი მეცნიერის აზრით, ყველაზე სახიფათო და მავნე ბგერებია ფ, პ, ტ, დ და ს. მათი ლოგიკის მიხედვით, რითი არიან ეს ბგერები საშიშნი ჩვენთვის?","ამ ბგერების წარმოთქმისას ისხმევა უფრო მეტი ნერწყვი და იბნევა უფრო მეტი მიკრობი.","","","","",""
"96","ინგლისელმა სელექციონერმა ფოლკნერმა ყურადღება მიაქცია იმ ფაქტს, რომ კარგი იქნებოდა, თუ ცდებში გამოყენებულ გარკვეულ ცხოველთა ჯგუფს გაუზრდიდა იმ ორგანოს, რომელზეც მეცნიერები საკმაოდ ხშირად ატარებენ ბიოლოგიურ ექსპერიმენტებს. რამოდენიმე თვიანი მუშაობის შედეგად მან მიაღწია იმას, რომ ამ ორგანოს სიგრძე 45 სმ-მდე გაეზარდა. რომელ ცხოველსა და ორგანოზეა საუბარი?","ფოლკნერმა კურდღლებს ყურები გაუზარდა.","","","","",""
"97","გადათარგმნეთ ლათინურად “მჩუქნელი, მიმცემი”.","დონორი.","","","","",""
"98","არისტოტელე თვლიდა, რომ ამ ორ მეცნიერებას ერთმანეთთან საერთო არაფერი არ ჰქონდა, რადგან ერთი მათგანი შეისწავლიდა უცვლელ რამეებს, ხოლო მეორე - ცვალებადს. დაასახელეთ ეს ორი მეცნიერება.","მათემატიკა და ფიზიკა.","","","","",""
"99","ერთ რომაელ ელჩს ერქვა პომპეი სენეციუს როსციუმ მურენ სექსტ იულიუს ფრონტინ სილიუს დენციან გაი ევრიტ ჰერკულანიუს ვიბულიუს ვალენტ ნიგერ კლავდიუს საქსა ურუტიან სოსიუს პრისკი. რომაულ კალენდარში მისი სახელი იწერებიდა ასე: პომპეი სენეციუს... რა მოდიოდა შემდეგ?","“და ა.შ.”","","","","",""
"100","მისი ხვედრი ძალიან მძიმეა. მის სამყოფელში ბალახიც კი ძნელად ხარობს. მას მეგობრები ხშირად აქცევენ ზურგს. მაგრამ, მიუხედავად ყველაფერი ამისა, თითქმის ყოველთვის იგი მაინც ნომერ პირველია. ვინ არის ის?","ფეხბურთის მეკარე.","","","","",""
"101","XX საუკუნის 50-იანი წლების ბოლოს საბჭოთა ხელისუფლებას გეგმაში ჰქონდა მარსზე გაფრენის პროექტი. წითელვარსკვლავიანი პილოტირებადი ვარსკვლავთმფრენი უნდა დაშვებულიყო მარსის ზედაპირზე და იქ აღემართა წითელი დროშა... რა ერქვა ამ პროექტს?","“აელიტა”.","","","","",""
"102","სუფრის დანები, რომელიც საჭმლის ჭამისას გამოიყენება ხმარებაში შემოიღო კარდინალმა რიშელიემ. მან გამოსცა ბრძანება იმის შესახებ, რომ სუფრის დანებს აუცილებლად მომრგვალებული თავი უნდა ჰქონოდათ და არა წვეტიანი, რადგან... რატომ?","იმიტომ, რომ ეს ხელს შეუწყობდა ეტიკეტის ნორმების დაცვას - მომრგვალებული თავებიანი დანებით ხალხი კბილს ვეღარ გამოიჩიჩქნიდა.","","","","",""
"103","ბერნარდ შოუს აზრით, ბევრი მწერლის მთავარი უბედურება ის არის, რომ მათი ნაწარმოებების ეს ორი რამ ძალიან შორს არიან ერთმანეთისგან. დაასახელეთ ეს ორი რამ.","პირველი და ბოლო ფურცელი.","","","","",""
"104","გადათარგმნეთ ბერძნულად “ჯუჯა, ქონდრისკაცი”.","ნანო.","","","","",""
"105","ბევრი იაპონელი თევზის ჭერისათვის იყენებს სპეციალურად გაწვრთნილ ფრინველებს - ჩვამებს. ამ ფრინველს თევზაობის დროს აბია რკინის რგოლი. სად და რა მიზნით უკეთებენ იაპონელები ჩვამებს რკინის რგოლებს?","ჩვამებს რკინის რგოლები ყელზე უკეთიათ, რათა დაჭერული თევზი არ გადაყლაპონ.","","","","",""
"106","2003 წლის 15 ოქტომბერს ნიუ-იორკში გაიხსნა ძეგლი იმ ადამიანისა, რომელსაც ამერიკასთან პირდაპირი შეხება არ ჰქონია. მონუმენტზე ამოტვიფრული იყო 271 ამერიკელის სახელი და გვარი, რომელთაგან პირველი იყო თეოდორ რუზველტი. თუ მიხვდებით, თუ რა აერთიანებთ ამ ამერიკელებს, გამოიცნობთ იმასაც, თუ ვის დაუდგეს ეს ძეგლი.","ეს ძეგლი დაუდგეს ალფრედ ნობელს (ამოტვიფრული კი, 271 ნობელის ლაურეატი ამერიკელის სიაა).","","","","",""
"107","1834 წელს ლომდონელმა მექანიკოსმა უ. მარმა ერთი ყუთი ჩადო მეორეში და მათ შორის არსებული სივრცის ამოსავსებად მარმარილო, ფაიფური და გამომწვარი თიხა გამოიყენა. რის გამომგონებლად ითვლება იგი?","იგი ითვლება სეიფის გამომგონებლად.","","","","",""
"108","არხანგელსკში - 13 მაისიდან 30 ივლისამდე, პეტროზავოდსკში - 27 მაისიდან 17 ივლისამდე. 11 ივნისიდან 2 ივლისამდე კი რომელ ქალაქში?","სანკტ-პეტერბურგში (საუბარია თეთრ ღამეებზე).","","","","",""
"109","ყველა საკვებ პროდუქტზე უნდა იყოს მითითებული თარიღი - გამოშვების თარიღი ან თარიღი, რომლამდისაც შეიძლება პროდუქტის მოხმარება საკვებად. რა თარიღია მითითებული ყველ კამამბერის შეფუთვაზე?","თარიღი, რომლის შემდეგაც ყველი მომწიფდება და ნებადართული იქნება მისი ჭამა.","","","","",""
"110","ერთ-ერთ თავის ინტერვიუში მან განაცხადა: “ჩემში, ისევე როგორც ყველა ადამიანში ცხოვრობს სატანაც და ქრისტეც, ბოროტება და სიკეთე... ამიტომაც ავირჩიე ეს სახელი - ლამაზმანი და მკვლელი”. რა სახელით იცნობს მას მთელი მსოფლიო ოჰაიოს შტატში დაბადებულ ამ ამერიკელს, თუ მისი ნამდვილი სახელია ბრაიან უორნერი?","მერლინ მენსონი (ლამაზმანი მერლინ მონრო და მკვლელი ჩარლზ მენსონი).","","","","",""
"111","სიდნი შელდონის წიგნში “ღმერთთა წისქვილები” მოყვანილია ახლახანს მოსული დიქტატორის - იონესკოს საუბარი მზესთან:- დილა მშვიდობისა, ამხანაგო მზე!- დილა მშვოდობისა, - უპასუხა მზემ. - ყველა ისე ბედნიერია, თქვენ რომ გახდით რუმინეთის ახალი პრეზიდენტი!..საუბარი საღამოს გაგრძელდა:- საღამო მშვიდობისა, ამხანაგო მზე!მზე მას არ პასუხობს.- რა მოხდა, დილით მშვენივრად მესაუბრებოდი და ეხლა რატომ სდუმხარ?- მოკეტე, რა! - პასუხობს მზე...დაასრულეთ მზის სიტყვები მიზეზით, რომელიც მას საშუალებას აძლევდა, ასე ელაპარაკა.","- მოკეტე, რა! - პასუხობს მზე. - მე უკვე დასავლეთში ვარ!","","","","",""
"112","არსებობს ერთი აფრიკული ლეგენდა, რომლის თანახმადაც, ადამიანი ცაში შეიქმნა. ვინ დაეხმარა მას დედამიწაზე ჩამოსვლაში?","ჟირაფი.","","","","",""
"113","დაასრულეთ დაოსელი მოაზროვნის ცზი ლაის სიტყვები: “ცხოვრება სიზმარია, ხოლო სიკვდილი - ...”","“... გამოღვიძება”.","","","","",""
"114","ონონელი ტუნგუსები თვლიან, რომ მთელს დედამიწაზე ხეების რაოდენობის დათვლა პირდაპირ თქვენი სახლთანაც შეგიძლიათ, მთავარია მოთმინება გეყოთ. რა უნდა დათვალოთ თქვენ, რათა გაიგოთ, თუ რამდენი ხეა დედამიწაზე?","თქვენ უნდა დათვალოთ ცაზე ვარსკვლავების რაოდენობა (მათი აზრით, ყოველ ხეს აქვს თავისი ვარსკვლავი და პირიქით).","","","","",""
"115","1876 წელს ერთ გაზეთში გამოჩნდა ასეთი განცხადება: “პარიზში მცხოვრებ ასაკოვან ჯენტლმენს სურს დაიქირავოს სრულწლოვანი ქალბატონი, რომელიც იქნება მისი მდივანი და მარჯვენა ხელი”. ბერტა კლინსკიმ, რომელიც იმ პერიოდში ვენაში მუშაობდა, გადაწყვიტა მიეღო ეს წინადადება და პარიზში გადავიდა. მაგრამ მუშაობის სამი კვირის შემდეგ სამშობლო მოენატრა და უკან დაბრუნდა. მალე მან დაიწყო მიმოწერა მსოფლიოში მშვიდობის თემაზე პარიზში მცხოვრებ ჯენტლმენთან, რომელთანაც მან პარიზში ყოფნისას ბევრი საერთო გამონახა. ამ ქალბატონს რამოდენიმე საინტერესო პროექტი ჰქონდა მშვიდობის დამყარებასთან დაკავშირებით და ჯენტლმენმაც მისი ფინანსურად დახმარება გადაწყვიტა. და მისი სიკვდილიდან 9 წლის შემდეგაც კი ბერტამ კვლავ მიიღო მისგან ფულადი დახმარება. რა ფორმით მიიღო მან ფული?","იგი გახდა ნობელის პრემიის ლაურეატი 1905 წელს (1905 წლის ნობელის პრემია მშვიდობის დარგში, ბერტა ფონ ზუტნერი (ქმრის გვარია), ის ჯენტლმენი კი თვით ალფრედ ნობელი გახლდათ).","","","","",""
"116","დაასრულეთ ალბერტ აინშტაინის ცოლის სიტყვები: “ჩემს ქმარს ყველაფრის კეთება შეუძლია, გარდა...” გარდა რისა?","“... გარდა ფულისა.”","","","","",""
"117","ამოცანა: ერთი წყვილი ფეხსაცმლისთვის მაღაზიაში გადაიხადეს 70 ლარი და პლუს მთლიანი ღირებულების ნახევარი. რა ღირდა ფეხსაცმელი?","ფეხსაცმელი ღირდა 140 ლარი.","","","","",""
"118","გინესის რეკორდების წიგნის თანახმად, ყველაზე დიდი კაბა შეკერილ იქნა 1986 წელს. მასზე დაიხარჯა რამოდენიმე კილომეტრი სიგრძის ქსოვილი და მისმა წონამ საბოლოოდ 453,6 კილოგრამი შეადგინა. “ვისთვის” იყო განკუთვნილი ეს კაბა?","ეს კაბა თავისუფლების ქანდაკებას შეუკერეს.","","","","",""
"119","ანეკდოტი: სამშობიარო. დაიბადა ბავშვი, მაგრამ ტირილის მაგივრად სიცილით კვდება. ყველა გაკვირვებულია, მას ვერავინ აწყნარებს. ბოლოს ექიმმა შენიშნა, რომ ბავშვს ხელი მომუშტული ჰქონდა და რაღაც ეჭირა. დიდი წვალების შემდეგ ხელი გაუხსნეს და იქ... რა ეჭირა ბავშვს ხელში?","ბავშვს ხელში ჩასახვის საწინააღმდეგო აბი ეჭირა.","","","","",""
"120","როგორც წესი, მამაკაცთა ეს დაახლოებით 25 გრამს იწონის, ხოლო ქალების - 15-ს. ეტიკეტის თანახმად მისი ხალხში გამოჩენა არ არის რეკომენდირებული, მაგრამ თუ მაინც დადგება მისი ხმარების აუცილებლობის საკითხი, იგი მაქსიმალურად შეუმჩნევლად და უხმაუროდ უნდა გამოიყენოთ. რაზეა საუბარი?","საუბარია ცხვირსახოცზე.","","","","",""
"121","ნათელ ღამეში, ვარსკვლავებს შორის შეიძლება გაარჩიოთ რძისფერი ფართე ზოლი. ჩვენ მას ირმის ნახტომს ვუწოდებთ, ხოლო ინგლისურად, რუსულად და კიდევ მრავალ ენაზე მისი სახელწოდება ჟღერს, როგორც “რძიანი გზა”. ეხლა კი, გადათარგმნეთ “რძიანი გზა” ძველბერძნულად.","“რძიანი გზა” ძველბერძნულად ითარგმნება, როგორც “გალაქტიკა”.","","","","",""
"122","ევროპელებმა მის შესახებ მარკო პოლოს წყალობით შეიტყვეს. ცნობილია, რომ მისგან ავეჯსაც ამზადებდნენ. შუა საუკუნეების ევროპაში მისგან დამზადებული საქონელი საკმაოდ ძვირად ფასობდა. მას ძვირფასი ქვების ფასი ედო და ამოტომაც ხშირად ოქროშიდაც კი სვამდნენ. რაზეა საუბარი?","საუბარია ფაიფურზე.","","","","",""
"123","კანადაში, საყოფაცხოვრებო ნივთების მაღაზიებში ცოტა ხნის წინ გამოჩნდა მოწყობილობა, რომელიც წარმოადგენდა დაახლოებით 10 სმ სიგრძის პრიზმას და რომლის ერთ-ერთი შიგნითა წახნაგი წებოვანი იყო. ამ მოწყობილობის ინსტრუქციაში სხვა რჩევებთან ერთად მითითებული იყო შემდეგი: “წარმატებულად გამოყენების შემდეგ, რეკომენდირებულია გაიტანოთ მოწყობილობა გარეთ და ...” დაასრულეთ რჩევა.","“... და გაუშვით თაგვი” (საუბარი იყო თაგვების დასაჭერ საკმაოდ ჰუმანურ მოწყობილობაზე).","","","","",""
"124","ამ გამოგონების ავტორმა 1936 წელს იგი სულ ნახევარ საათში ააწყო. მან თავისი შემქმნელი არამარტო სიღარიბისაგან იხსნა, არამედ მას ასობით მილიონი დოლარი მოუტანა. დღეს კი იგი მსოფლიოში ყველაზე გავრცელებულ ოთხბორბლიან მოწყობილობას წარმოადგენს ავტომობილის შემდეგ. დაასახელეთ ეს.","საუბარია პროდუქტების საზიდავ ურიკაზე, რომელიც მრავლადაა მსოფლიოს ყველა სუპერმარკეტში.","","","","",""
"125","ამა წლის იანვრის დასაწყისში მიხაელ შუმახერმა მიიღო მონაწილეობა აქციაში სახელწოდებით “5 წამი, რომელმაც შეიძლება სიკვდილს გადაგარჩინოთ”. რა დროს და რისთვის უნდა დახარჯოთ ეს 5 წამი?","ეს 5 წამი უნდა დახარჯოთ ავტომობილში ჩაჯდომისას უსაფრთხოების ქამრის გადაჭიმვისთვის.","","","","",""
"126","ჩინეთის პროვინცია ხუანში წყვილებმა ქორწილის წინ სპეციალურ ფონდში უნდა შეიტანონ გადასახადი, რომელიც დაახლოებით 850 აშშ-ს დოლარს უდრის. რა შემთხვევაში დაიბრუნებენ ისინი ამ ფულს თოთხმეტი წლის შემდეგ?","თუ ამ დროისთვის 1 შვილზე მეტი არ ეყოლებათ.","","","","",""
"127","რამოდენიმე თვის წინ მოსკოვში გამოვიდა წიგნი, რომელშიც მოყვანილია სიზმრების იუმორისტული ახსნები. რისგან მორიდებას გვირჩევენ ამ წიგნის ავტორები იმ შემთხვევაში, თუ მთელი ღამის მანძილზე მფრინავი და მბრუნავი მრავალკუთხედები გესიზმრებათ?","ისინი გვირჩევენ ცოტა ხნით მაინც მოვერიდოთ “ტეტრისის” თამაშს.","","","","",""
"128","რუზველტის სიტყვები: “როდესაც პატარა ბავშვი ამ ნივთს პირველად ათვალიერებს, იგი პირველ რიგში ამ ნივთის პირველ დეტალს ამჩნევს. გამორიცხული არაა, რომ მან ამ ნივთის მეორე დეტალიც შეამჩნიოს და დააკვირდეს მას, ხოლო რაც შეეხება ამ ნივთის მესამე დეტალს მისთვის ის თითქმის შეუმჩნეველია და ყურადღების ღირსიც არაა. როდესაც ადამიანი იზრდება, მაშინ ყველაფერი იცვლება. ამ ნივთზე დაკვირვებისას მოზრდილი ადამიანი პრიველ რიგში მესამე და შემდეგ მეორე დეტალს აკვირდება, ხოლო პირველ დეტალს კი იგი უმეტეს შემთხვევაში არც უკვირდება.” რა ნივთზე ჰქონდა საუბარი რუზველტს?","ეს ნივთია საათი (ამ ნივთის დეტალები კი საათის, წუთის და წამების ისრები, შესაბამისად).","","","","",""
"129","რამოდენიმე წლის წინ ჩატარებული გამოკვლევების თანახმად, ერთი წლის მანძილზე მთელი მსოფლიოს მიერ დახარჯული ოქროს 7% მოხმარდება ელექტროსაქონელს; 4% იხარჯება მედლების, თასების და სხვა ჯილდოების დასამზადებლად; 20 პროცენტი მიდის მონეტებში; 66%-ით სამკაულებს ამზადებენ. რაში იხარჯება დარჩენილი 3% ოქრო?","3% ოქროს ხელოვნური კბილების დასამზადებლად იხარჯება.","","","","",""
"130","ეს კანონი პირველად 1970 წელს მიიღეს სპილოს ძვლის კუნძულებსა და ავსტრალიის შტატ ვიქტორიაში. ევროპაში კი ეს კანონი პირველად საფრანგეთმა მიიღო. ამ კანონის დარღვევისთვის ისრაელში ჯარიმა 88 აშშ დოლარს, ხოლო დიდი ბრიტანეთში 500 ფუნტ სტერლინგს შეადგენს. საქართველოში ეს კანონი დიდი ხანია, რაც მიღებულია, მაგრამ ბევრმა მისი არსებობის შესახებ არც კი იცის. რას მოითხოვს ეს კანონი?","ეს კანონი მოითხოვს საჭესთან დაჯდომისას უსაფრთხოების ქამრის გადაჭიმვას.","","","","",""
"131","ცოტა ხნის წინ შვეიცარულ ქალაქ რიოლინგენში ჩატარდა მტყორცნელთა ფესტივალი.   გარდა შეჯიბრებებისა ბირთვის,   დისკოს,   შუბისა და უროს ტყორცნაში,   ორგანიზატორებმა ფესტივალის პროგრამაში შეიტანეს კიდევ ერთი მძლეოსნური დისციპლინა,   რომლის შეტანაც პროგრამაში მეტყველებს ორგანიზატორების განვითარებულ იუმორის გრძნობაზე.   რომელ დისციპლინაზეა საუბარი?","ორგანიზატორებმა ფესტივალის პროგრამაში შეიტანეს ჭოკით ხტომა (მათ ჩათვალეს,   რომ ეს არის ადამიანის ტყორცნა).","","","","",""
"132","ბოლივიის დედაქალაქ ლა-პასის ბიუჯეტში არ არის გათვალისწინებული ერთი მნიშვნელოვანი სამსახურის შენახვის ხარჯები.   დაასახელეთ ეს სამსახური,   რომელიც არის ყველა დიდ ქალაქში,   მათ შორის თბილისშიც.","როგორც ცნობილია,  ლა-პასი მდებარეობს ზღვის დონიდან 3684  მ სიმაღლეზე.   ასეთ სიმაღლეზე კი ცეცხლი უბრალოდ არ ვრცელდება ჟანგბადის უკმარისობის გამო.   ამიტომაც ბოლივიის დედაქალაქში არ არსებობს სახანძრო სამსახური.","","","","",""
"133","ინგლისური ფრაზა ""Hitler woman"" შეიძლება ითარგმნოს ქართულად, როგორც ""ქალი-ჰიტლერი"", რაც შეიძლება ნიშნავდეს ძალიან ავ და ბოროტ ქალს.   ფრაზა ""Hitler woman""   წარმოადგენს ერთი ინგლისური სიტყვის ანაგრამას.   გადათარგმნეთ ქართულად ეს ინგლისური სიტყვა.","სიდედრი (ან დედამთილი - ""Mother-in-law"").","","","","",""
"134","დედის სახელისგან წარმოიშვა ორი სხვადასხვა მეცნიერების სახელწოდება, რომლების შეისწავლიან ერთსა და იმავე ობიექტს, მაგრამ ერთი გარედან, ხოლო მეორე - შიგნიდან.   მისი შვილის სახელისგან კი ამავე პრინციპით წარმოიშვა ერთი მეცნიერების ორი განსხვავებული სახელწოდება.   დაასახელეთ დედაც და შვილიც.","გეა და ოკეანოსი (გეოგრაფია და გეოლოგია ორი განსხვავებული მეცნიერებაა,   ხოლო ოკეანოგრაფია და ოკეანოლოგია ერთი და იგივეა).","","","","",""
"135","როგორც ცნობილია, სპორტის სხვადასხვა სახეობებში, მაგალითად ფეხბურთში ან ჰოკეიში მკაცრად ისჯება მოწინააღმდეგისთვის ფეხის დადება.  აი,   სპორტის ერთ-ერთ არაოლიმპიურ სახეობაში კი ეს დაშვებულია,   უფრო მეტიც,   არსებობს უამრავი ნაშრომი,   რომლებშიც სიტყვების გარეშე აღწერილია ფეხის დადების სხვადასხვა ხერხი.   დაასახელეთ სპორტის ეს სახეობა.","ჭადრაკი (საჭადრაკო პარტიის დასაწყისს,   როდესაც ერთ-ერთი მხარე წირავს პაიკ(ებ)ს ან ფიგურას ინიციატივის მოსაპოვებლად ეწოდება გამბიტი.   ტერმინი მოდის იტალიური გამოთქმიდან dare il gambetto,   რაც ნიშნავს ფეხის დადებას.   გამბიტების აღწერა ხდება სიტყვების გარეშე,   სპეციალური საჭადრაკო სიმბოლოების გამოყენებით).","","","","",""
"136","ერთხელ კინომსახიობ ჟან გაბენს ექიმმა ამოუღო კბილი. რამოდენიმე დღეში მსახიობმა ამ ექიმისგან მიიღო წერილი, რომელშიც ოპერაციისთვის ანგარიშის ნაცვლად იდო ... ფული და განმარტებითი წარწერა. ექიმის სიტყვებით, რას წარმოადგენდა ეს ფული?","ეს იყო გაბენის ""წილი"" მისი კბილის გაყიდვისგან.","","","","",""
"137","თავისი კარიერის მწვერვალად ყველა ფეხბურთელი თვლის მსოფლიო ჩემპიონატის ფინალში მონაწილეობის მიღებას.  ამ პროფესიის წარმომადგენლები კი პირიქით,   თავისი კარიერის მწვერვალს აღწევენ მხოლოდ საკუთარი ქვეყნის ეროვნული ნაკრების წარუმატებლობის შემთხვევაში.   დაასახელეთ ეს   ხალხი.","საფეხბურთო არბიტრები,   რომელთა კარიერის მწვერვალად ითვლება მსოფლიო ჩემპიონატის საფინალო თამაშის მსაჯობა,   რაც,   როგორც ცნობილია,   შესაძლებელია მხოლოდ იმ შემთხვევაში,  თუ მათი ქვეყნის ეროვნული ნაკრები ფინალის მიღმა დარჩება.","","","","",""
"138","რუსებს ასეთი რიცხვი აქვთ ორი: 3 და 11;  ქართველებსა და ინგლისელებს კი - ერთი.   დაასახელეთ ეს რიცხვი.","საუბარია რიცხვებზე,   რომელთა დასახელებაში ასოების რაოდენობა ამავე რიცხვების ტოლია (ქართულ და ინგლისურ ენებში ასეთი რიცხვი მხოლოდ ერთია - 4 -   ოთხი, four).","","","","",""
"139","მისი პირველი მოდელი იწონიდა 50 კილოგრამს.   დღეს ის შეიძლება იწონიდეს 115   გრამს და ჰქონდეს გაბარიტები 3 x 4  სმ.   მას ამზადებენ სხვადასხვა მასალებისგან,   მათ შორის იშვიათი მეტალებისგან,   კარტონისგან და ქაღალდისგანაც კი.   ზოგიერთ მათგანში ჩაყენებულია კომპასი,   საათი და თერმომეტრი.   ხოლო 2001   წლის ზამთარში შექმნეს მოდელი,   რომელიც ანეკდოტებსაც კი ყვება.   დაასახელეთ ის.","საუბარია ფოტოაპარატზე (ხოლო ანეკდოტებს ის ყვება რა თქმა უნდა იმისათვის,   რომ გააცინოს ისინი,   ვისაც სურათს უღებენ).","","","","",""
"140","დღეისათვის ასეთი სახელმწიფო სულ 42-ია.   მათ შორის: 15 -   ევროპაში, 15 -   აფრიკაში, 10 -   აზიაში და 2 -   ამერიკაში.   მათ შორის ყველაზე პატარა არის ვატიკანი.   დაასახელეთ ამ 42   სახელმწიფოდან ყველაზე დიდი.","ყაზახეთი (საუბარია სახელმწიფოებზე,   რომლებსაც არ გააჩნიათ საზღვაო ნაპირი).","","","","",""
"141","ნიუ-იორკის საერთაშორისო აეროპორტში ჰკიდია დიდი სარეკლამო აბრა, რომელზეც American Express-ის საკრედიტო ბარათის გამოსახულების ქვეშ მოთავსებულია ფრაზა, რომელიც, ერთი შეხედვით, შეიცავს სრულიად ნეიტრალურ და ბანალურ ინფორმაციას.   მაგრამ,   სიტყვათა თამაშის წყალობით,  ეს ტექსტი აღიქმევა,   როგორც პირდაპირი და დაუმალავი მტკიცება American Express-ის პრიორიტეტისა გადახდის მეორე საერთაშორისო სისტემის წინაშე.   ტექსტი კი ასეთია: ""If you have […..], you do not need […..]"".   შეავსეთ გამოტოვებული ადგილები აღნიშნულ სარეკლამო ტექსტში.","""If you have a Green Card, you do not need Visa"" (როგორც ცნობილია, American Express-ის საკრედიტო ბარათი მწვანე ფერისაა).","","","","",""
"142","1980 წელს პირველად ევროპაში ეს მოიმოქმედა ვიგდის ფინბოგადოტირმა ისლანდიაში. მას შემდეგ იგივე ირლანდიაში, ფინეთში და ლატვიაშიც განმეორდა. რაზეა საუბარი?","საუბარია სახელმწიფოს ქალ პრეზიდენტებზე.","","","","",""
"143","1972 წელს გერმანიის ფედერაციულ რესპუბლიკაში გამოუშვეს ოლიმპიური თამაშებისადმი მიძღვნილი მონეტა წარწერით: “1972 წლის ოლიმპიური თამაშები გერმანიაში”. ამასთან დაკავშირებით საერთაშორისო ოლიმპიურმა კომიტეტმა პროტესტი გამოთქვა. რა იყო ამ პროტესტის მიზეზი?","მიზეზი იყო ის, რომ საერთაშორისო ოლიმპიური კომიტეტი თამაშების ჩატარების უფლებას ანიჭებდა მხოლოდ გარკვეულ ქალაქებს და არა სახელმწიფოებს, ამიტომ მათ წარწერა “1972 წლის ოლიმპიური თამაშები გერმანიაში” არასწორად ჩათვალეს.","","","","",""
"144","1400 წლის წინ მცხოვრებმა წმინდა ისიდორემ შეადგინა 20 ტომიანი ენციკლოპედია. სწორედ ამის გამო დანიშნა კათოლიკურმა ეკლესიამ იგი  ამის მფარველად. რისი მფარველია წმინდა ისიდორე?","წმინდა ისიდორე ინტერნეტის მფარველია (იგი შეიძლება ჩაითვალოს პირველი მონაცემთა ბაზის შემქმნელად).","","","","",""
"145","ჯენიფერ ლინჩის წიგნში “ლორა პალმერის დღიური” მთავარი გმირი წერს: “მედის ის ძალიან დიდი და სქელი აქვს. დინისი მისას არ ჰგავს, მაგრამ ჩემსაზე სქელი მაინცაა. არაუშავს, გპირდები, რომ მალე მედის რომ აქვს, იმნაირი და მასზე სქელიც კი გამიხდები!” რაზეა საუბარი?","საუბარია დღიურზე, რომელსაც წერდა ლორა პალმერი.","","","","",""
"146","სარეკლამო პლაკატი: კედელთან დგას ტანსაცმლის კარადა, რომელსაც კუბოს ფორმა აქვს. რის რეკლამირებას ახდენს ეს პლაკატი?","ეს პლაკატი ემსახურებოდა ჩრჩილის საწინააღმდეგო საშუალების რეკლამას.","","","","",""
"147","“... მე ვფიცავ, რომ ამიერიდან არც წერილობით და არც ზეპირად არაფერი ისეთის მტკიცებას არ დავიწყებ, რის გამოც შეიძლება კვლავ დამადანაშაულონ ასეთ ქმედებაში... მე ჩემს თავზე ვიღებ სრულ პასუხისმგებლობას და ამის დასამტკიცებლად სიტყვა სიტყვით ვიმეორებ და ხელს ვაწერ ჩემს წინაშე მდებარე აქტს, რომში, მინერვას მონასტერში 1633 წლის 22 ივნისს”. გადმოცემის თანახმად, როგორ ჟღერდა შემდეგი ფრაზა?","“... ის მაინც ბრუნავს!”","","","","",""
"148","ეს თითქმის ყველა კანზინოს ერთ-ერთი მთავარი პრობლემაა. მასთან საბრძოლველად მონტე-კარლოს ერთ-ერთი კაზინოს მფლობელმა ფრანსუა ბლანკმა სპეციალური სისტემაც კი შეიმუშავა. ნებისმიერ მომენტში კრუპიეს შეუძლია დააჭიროს ხელი ღილაკს და სპეციალურად გაწვრთნილი ჯგუფი მივარდება მოთამაშეს, რათა... რა უნდა მოიმოქმედოს ამ ჯგუფმა?","ამ ჯგუფის ფუნქციაა ხელი შეუშალოს თვითმკვლელობაში კლიენტს, რომელმაც დიდი თანხა წააგო.","","","","",""
"149","როდესაც ანდრე მორუას შეეკითხნენ, ვინ უფრო შეცვალა ისტორია - ცეზარმა თუ ნაპოლეონმაო, მან კონკრეტული პიროვნების ნაცვლად დაასახელა გარკვეული პროფესიის წარმომადგენლები. რა პროფესიის?","მან სთქვა, რომ ისტრორია ყველაზე მეტად ისტორიკოსებმა შეცვალესო.","","","","",""
"150","ეს ობიექტები შეიძლება დაალაგო ფერის, წონის, ზომის ან გამოყენების რაოდენობის მიხედვით. რა ეწოდება მათ ყველაზე ცნობილ განლაგებას მასისა და მსგავსების მიხედვით?","ელემენტების პერიოდულობის სისტემა (საუბარი იყო ქიმიურ ელემენტებზე).","","","","",""
"151","ეს მეცნიერება, “ხომალდის მართვის მეცნიერება”, სულ ცოტა ხნის წინ გამოჩნდა, XX საუკუნეში და მას არაფერი საერთო არ აქვს ხომალდის მართვასთან. ამ სიტყვის მეტაფორული გამოყენებით პლატონი სახელმწიფოს მართვის ხელოვნებასაც კი აღნიშნავდა. რა სიტყვაა ეს?","კიბერნეტიკა.","","","","",""
"152","ძველი იაპონელბის წარმოდგენით, ის კვადრატული ფორმის იყო, ამიტომაც მისი აღმნიშვნელი იეროგლიფიც კვადრატულია. მისი ჭეშმარიტი ფორმა ნებისმიერი თანამედროვე იაპონელისთვის ცნობილია. რა არის ეს?","საუბარი იყო მზეზე.","","","","",""
"153","ფრანგმა მხატვარმა ჟან-მარი პიერემ და შვიდმა მისმა მეგობარმა შექმნეს მსოფლიოში ყველაზე დიდი სურათი, ზომებით 250 x 180 მეტრზე. რომელი ნაგებობის ზედაპირზე დახატეს მათ ეს სურათი?","ეს სურათი მათ კაშხალზე დახატეს.","","","","",""
"154","მიუხედავად იმისა, რომ ეინშტეინის სიკვდილის მომენტში მასთან რამოდენიმე ადამიანი იმყოფებოდა, ჩვენთვის მაინც უცნობია მისი უკანასკნელი სიტყვები. მან ეს სიტყვები საკმაოდ ხმამაღლა და გარკვევით წარმოსთქვა. მაშინ, რატომ არ ვიცით ჩვენ მათი შინაარსი?","ეინშტეინმა ისინი გერმანულად წარმოსთქვა, ხოლო იქ მასთან ერთად მყოფთაგან გერმანული არცერთმა არ იცოდა.","","","","",""
"155","“ტეტჩერი თავის მშობლებთან წავიდა კონსტანტინოპოლში, და ჩემს ცხოვრებაში კარგი და გასახარი აღარაფერი დარჩა...” ვისი ნაწარმოებიდანაა ეს ციტატა?","მარკ ტვენის (“ტომ სოიერი”; ამ ციტატაში ტომ სოიერი თავის შეყვარებულზე, ბეკი ტეტჩერზე ლაპარაკობდა).","","","","",""
"156","მეხიკოში XX საუკუნის 30-იან წლებში შეიმუშავეს ახალი პროექტი, რომლის მიზანი იყო ლოთების რიცხვის შემცირება. ყოველ ქუჩაში მიმავალ მთვრალს და მის გამოსაფხიზლებელში მიყვანის პროცესს სპეციალურად დაქირავებული კინოოპერატორები იღებდნენ. გამოფხიზლების შემდეგ მას ჩანაწერს აჩვენებდნენ. რას აკეთებდნენ მაშინ, როდესაც ეს ზომა საკმარისი არ ხდებოდა და ის ადამიანი კიდევ დათვრებოდა?","ახალ ფილმს უკვე არა მარტო მას, არამედ მის ნათესავებს და ახლობლებსაც აჩვენებდნენ.","","","","",""
"157","ჩვენ ამას, ჩვეულებრივ, დღეში მინიმუმ ერთხელ მაინც ვაკეთებთ. მიკი მაუსი კი ერთ-ერთ ფილმში ამბობს, რომ არითმეტიკის ცოდნა ნიშნავს შეგეძლოს ოცამდე ისე დათვლა, რომ ეს არ გააკეთო. რაზეა საუბარი?","საუბარია ფეხსაცმელების გახდაზე (მიკი მაუსი ამბობდა, რომ არითმეტიკის ცოდნა ნიშნავს შეგეძლოს ოცამდე ისე დაითვალო, რომ ფეხზე არ გაიხადო, ანუ ფეხის თითებიც არ მოიშველიო, როცა ხელის ათი თითი დაგიმთავრდებაო).","","","","",""
"158","კენ კიზის რომანში “ვიღაცამ გუგულის ბუდეს გადაუფრინა” ფსიქიატრიული საავადმყოფოს ორი პაციენტი მაკმერფი და ჰარდინგი კამათობენ, თუ რომელი მათგანი უფრო მეტად გიჟია:მაკმერფი: - მე ისეთი შეშლილი ვარ, რომ ხმა ეიზენჰაუერს მივეცი.ჰარდინგი: - მე კი ისეთი შეშლილი ვარ, რომ ეიზენჰაუერს ორჯერ მივეცი ხმა.მაკმერფი: - მე კიდევ ისეთი შეშლილი ვარ, რომ...დაასრულეთ მისი რეპლიკა.","“... რომ კიდევ ვაპირებ ეიზენჰაუერისთვის ხმის მიცემას.”","","","","",""
"159","ბრიტანეთში 1878-1896 წლებში მოქმედი კანონის შესაბამისად, ქუჩაში შეიძლებოდა დაგენახათ წითელი დროშებით ხელში მიმავალი ადამიანები. რისი დანახვა შეიძლებოდა მათგან რამოდენიმე მეტრში?","მოძრავი ავტომობილის (დროშებიანი ადამიანები ხალხს აფრთხილებდნენ, რომ ავტომობილი მოდიოდა).","","","","",""
